{
    "directed": false,
    "graph": [],
    "links": [
        {
            "source": 0,
            "target": 5,
            "weight": 0.9
        },
        {
            "source": 1,
            "target": 5,
            "weight": 0.904
        },
        {
            "source": 2,
            "target": 5,
            "weight": 0.9
        },
        {
            "source": 3,
            "target": 0,
            "weight": 0.873
        },
        {
            "source": 4,
            "target": 0,
            "weight": 0.749
        },
        {
            "source": 5,
            "target": 121,
            "weight": 0.9
        },
        {
            "source": 0,
            "target": 121,
            "weight": 0.999
        },
        {
            "source": 3,
            "target": 121,
            "weight": 0.873
        },
        {
            "source": 4,
            "target": 121,
            "weight": 0.749
        },
        {
            "source": 6,
            "target": 121,
            "weight": 0.6
        },
        {
            "source": 7,
            "target": 121,
            "weight": 0.432
        },
        {
            "source": 2,
            "target": 121,
            "weight": 0.9
        },
        {
            "source": 8,
            "target": 131,
            "weight": 0.902
        },
        {
            "source": 9,
            "target": 131,
            "weight": 0.903
        },
        {
            "source": 10,
            "target": 19,
            "weight": 0.906
        },
        {
            "source": 11,
            "target": 19,
            "weight": 0.9
        },
        {
            "source": 10,
            "target": 99,
            "weight": 0.655
        },
        {
            "source": 12,
            "target": 99,
            "weight": 0.682
        },
        {
            "source": 11,
            "target": 10,
            "weight": 0.9
        },
        {
            "source": 13,
            "target": 132,
            "weight": 0.486
        },
        {
            "source": 14,
            "target": 132,
            "weight": 0.696
        },
        {
            "source": 15,
            "target": 133,
            "weight": 0.916
        },
        {
            "source": 16,
            "target": 134,
            "weight": 0.926
        },
        {
            "source": 17,
            "target": 134,
            "weight": 0.925
        },
        {
            "source": 18,
            "target": 134,
            "weight": 0.927
        },
        {
            "source": 1,
            "target": 135,
            "weight": 0.559
        },
        {
            "source": 19,
            "target": 57,
            "weight": 0.9
        },
        {
            "source": 20,
            "target": 22,
            "weight": 0.561
        },
        {
            "source": 21,
            "target": 136,
            "weight": 0.428
        },
        {
            "source": 13,
            "target": 137,
            "weight": 0.928
        },
        {
            "source": 22,
            "target": 64,
            "weight": 0.524
        },
        {
            "source": 23,
            "target": 64,
            "weight": 0.511
        },
        {
            "source": 20,
            "target": 64,
            "weight": 0.539
        },
        {
            "source": 24,
            "target": 64,
            "weight": 0.512
        },
        {
            "source": 25,
            "target": 64,
            "weight": 0.513
        },
        {
            "source": 26,
            "target": 138,
            "weight": 0.902
        },
        {
            "source": 27,
            "target": 138,
            "weight": 0.516
        },
        {
            "source": 28,
            "target": 138,
            "weight": 0.692
        },
        {
            "source": 29,
            "target": 138,
            "weight": 0.65
        },
        {
            "source": 30,
            "target": 138,
            "weight": 0.902
        },
        {
            "source": 31,
            "target": 92,
            "weight": 0.924
        },
        {
            "source": 32,
            "target": 130,
            "weight": 0.533
        },
        {
            "source": 20,
            "target": 130,
            "weight": 0.41
        },
        {
            "source": 33,
            "target": 130,
            "weight": 0.523
        },
        {
            "source": 34,
            "target": 40,
            "weight": 0.908
        },
        {
            "source": 35,
            "target": 40,
            "weight": 0.91
        },
        {
            "source": 36,
            "target": 40,
            "weight": 0.91
        },
        {
            "source": 34,
            "target": 35,
            "weight": 0.908
        },
        {
            "source": 37,
            "target": 35,
            "weight": 0.401
        },
        {
            "source": 34,
            "target": 36,
            "weight": 0.907
        },
        {
            "source": 35,
            "target": 36,
            "weight": 0.997
        },
        {
            "source": 38,
            "target": 139,
            "weight": 0.902
        },
        {
            "source": 39,
            "target": 59,
            "weight": 0.857
        },
        {
            "source": 34,
            "target": 140,
            "weight": 0.902
        },
        {
            "source": 40,
            "target": 140,
            "weight": 0.902
        },
        {
            "source": 35,
            "target": 140,
            "weight": 0.9
        },
        {
            "source": 36,
            "target": 140,
            "weight": 0.9
        },
        {
            "source": 41,
            "target": 141,
            "weight": 0.604
        },
        {
            "source": 16,
            "target": 142,
            "weight": 0.9
        },
        {
            "source": 17,
            "target": 142,
            "weight": 0.9
        },
        {
            "source": 18,
            "target": 142,
            "weight": 0.902
        },
        {
            "source": 42,
            "target": 143,
            "weight": 0.623
        },
        {
            "source": 43,
            "target": 144,
            "weight": 0.428
        },
        {
            "source": 17,
            "target": 144,
            "weight": 0.946
        },
        {
            "source": 44,
            "target": 144,
            "weight": 0.903
        },
        {
            "source": 45,
            "target": 145,
            "weight": 0.411
        },
        {
            "source": 46,
            "target": 146,
            "weight": 0.912
        },
        {
            "source": 27,
            "target": 146,
            "weight": 0.42
        },
        {
            "source": 47,
            "target": 146,
            "weight": 0.65
        },
        {
            "source": 47,
            "target": 46,
            "weight": 0.65
        },
        {
            "source": 48,
            "target": 147,
            "weight": 0.9
        },
        {
            "source": 49,
            "target": 148,
            "weight": 0.608
        },
        {
            "source": 50,
            "target": 148,
            "weight": 0.881
        },
        {
            "source": 1,
            "target": 148,
            "weight": 0.979
        },
        {
            "source": 51,
            "target": 148,
            "weight": 0.846
        },
        {
            "source": 52,
            "target": 125,
            "weight": 0.901
        },
        {
            "source": 53,
            "target": 125,
            "weight": 0.9
        },
        {
            "source": 54,
            "target": 125,
            "weight": 0.904
        },
        {
            "source": 55,
            "target": 104,
            "weight": 0.901
        },
        {
            "source": 56,
            "target": 104,
            "weight": 0.902
        },
        {
            "source": 57,
            "target": 149,
            "weight": 0.904
        },
        {
            "source": 58,
            "target": 107,
            "weight": 0.503
        },
        {
            "source": 59,
            "target": 150,
            "weight": 0.9
        },
        {
            "source": 60,
            "target": 150,
            "weight": 0.9
        },
        {
            "source": 61,
            "target": 74,
            "weight": 0.784
        },
        {
            "source": 62,
            "target": 38,
            "weight": 0.903
        },
        {
            "source": 27,
            "target": 151,
            "weight": 0.904
        },
        {
            "source": 63,
            "target": 151,
            "weight": 0.904
        },
        {
            "source": 33,
            "target": 152,
            "weight": 0.405
        },
        {
            "source": 64,
            "target": 153,
            "weight": 0.526
        },
        {
            "source": 65,
            "target": 153,
            "weight": 0.401
        },
        {
            "source": 66,
            "target": 153,
            "weight": 0.521
        },
        {
            "source": 67,
            "target": 153,
            "weight": 0.531
        },
        {
            "source": 37,
            "target": 153,
            "weight": 0.561
        },
        {
            "source": 68,
            "target": 153,
            "weight": 0.406
        },
        {
            "source": 32,
            "target": 153,
            "weight": 0.56
        },
        {
            "source": 20,
            "target": 153,
            "weight": 0.455
        },
        {
            "source": 69,
            "target": 153,
            "weight": 0.53
        },
        {
            "source": 33,
            "target": 153,
            "weight": 0.608
        },
        {
            "source": 70,
            "target": 153,
            "weight": 0.479
        },
        {
            "source": 71,
            "target": 72,
            "weight": 0.999
        },
        {
            "source": 72,
            "target": 154,
            "weight": 0.995
        },
        {
            "source": 71,
            "target": 154,
            "weight": 0.995
        },
        {
            "source": 73,
            "target": 71,
            "weight": 0.905
        },
        {
            "source": 74,
            "target": 71,
            "weight": 0.9
        },
        {
            "source": 75,
            "target": 155,
            "weight": 0.904
        },
        {
            "source": 39,
            "target": 89,
            "weight": 0.92
        },
        {
            "source": 76,
            "target": 89,
            "weight": 0.909
        },
        {
            "source": 77,
            "target": 89,
            "weight": 0.9
        },
        {
            "source": 78,
            "target": 89,
            "weight": 0.904
        },
        {
            "source": 53,
            "target": 89,
            "weight": 0.9
        },
        {
            "source": 22,
            "target": 23,
            "weight": 0.521
        },
        {
            "source": 20,
            "target": 23,
            "weight": 0.528
        },
        {
            "source": 79,
            "target": 80,
            "weight": 0.908
        },
        {
            "source": 42,
            "target": 83,
            "weight": 0.929
        },
        {
            "source": 79,
            "target": 83,
            "weight": 0.902
        },
        {
            "source": 80,
            "target": 83,
            "weight": 0.904
        },
        {
            "source": 81,
            "target": 83,
            "weight": 0.9
        },
        {
            "source": 17,
            "target": 83,
            "weight": 0.909
        },
        {
            "source": 82,
            "target": 83,
            "weight": 0.512
        },
        {
            "source": 79,
            "target": 156,
            "weight": 0.902
        },
        {
            "source": 80,
            "target": 156,
            "weight": 0.9
        },
        {
            "source": 83,
            "target": 156,
            "weight": 0.9
        },
        {
            "source": 55,
            "target": 56,
            "weight": 0.9
        },
        {
            "source": 84,
            "target": 103,
            "weight": 0.907
        },
        {
            "source": 66,
            "target": 67,
            "weight": 0.451
        },
        {
            "source": 37,
            "target": 67,
            "weight": 0.533
        },
        {
            "source": 32,
            "target": 67,
            "weight": 0.534
        },
        {
            "source": 33,
            "target": 67,
            "weight": 0.499
        },
        {
            "source": 85,
            "target": 157,
            "weight": 0.904
        },
        {
            "source": 86,
            "target": 158,
            "weight": 0.665
        },
        {
            "source": 87,
            "target": 158,
            "weight": 0.459
        },
        {
            "source": 88,
            "target": 159,
            "weight": 0.924
        },
        {
            "source": 89,
            "target": 159,
            "weight": 0.902
        },
        {
            "source": 39,
            "target": 159,
            "weight": 0.9
        },
        {
            "source": 76,
            "target": 159,
            "weight": 0.9
        },
        {
            "source": 77,
            "target": 159,
            "weight": 0.9
        },
        {
            "source": 78,
            "target": 159,
            "weight": 0.9
        },
        {
            "source": 53,
            "target": 159,
            "weight": 0.9
        },
        {
            "source": 66,
            "target": 37,
            "weight": 0.495
        },
        {
            "source": 90,
            "target": 37,
            "weight": 0.563
        },
        {
            "source": 20,
            "target": 37,
            "weight": 0.626
        },
        {
            "source": 33,
            "target": 37,
            "weight": 0.702
        },
        {
            "source": 70,
            "target": 37,
            "weight": 0.427
        },
        {
            "source": 20,
            "target": 90,
            "weight": 0.524
        },
        {
            "source": 49,
            "target": 50,
            "weight": 0.603
        },
        {
            "source": 58,
            "target": 50,
            "weight": 0.866
        },
        {
            "source": 1,
            "target": 50,
            "weight": 0.946
        },
        {
            "source": 91,
            "target": 50,
            "weight": 0.922
        },
        {
            "source": 51,
            "target": 50,
            "weight": 0.857
        },
        {
            "source": 92,
            "target": 68,
            "weight": 0.404
        },
        {
            "source": 65,
            "target": 68,
            "weight": 0.403
        },
        {
            "source": 93,
            "target": 68,
            "weight": 0.482
        },
        {
            "source": 32,
            "target": 68,
            "weight": 0.509
        },
        {
            "source": 33,
            "target": 68,
            "weight": 0.426
        },
        {
            "source": 33,
            "target": 93,
            "weight": 0.416
        },
        {
            "source": 94,
            "target": 93,
            "weight": 0.666
        },
        {
            "source": 84,
            "target": 101,
            "weight": 0.497
        },
        {
            "source": 95,
            "target": 101,
            "weight": 0.9
        },
        {
            "source": 96,
            "target": 160,
            "weight": 0.709
        },
        {
            "source": 6,
            "target": 160,
            "weight": 0.656
        },
        {
            "source": 42,
            "target": 161,
            "weight": 0.922
        },
        {
            "source": 88,
            "target": 162,
            "weight": 0.906
        },
        {
            "source": 97,
            "target": 163,
            "weight": 0.9
        },
        {
            "source": 98,
            "target": 119,
            "weight": 0.561
        },
        {
            "source": 65,
            "target": 32,
            "weight": 0.457
        },
        {
            "source": 66,
            "target": 32,
            "weight": 0.522
        },
        {
            "source": 37,
            "target": 32,
            "weight": 0.768
        },
        {
            "source": 93,
            "target": 32,
            "weight": 0.473
        },
        {
            "source": 33,
            "target": 32,
            "weight": 0.771
        },
        {
            "source": 70,
            "target": 32,
            "weight": 0.41
        },
        {
            "source": 27,
            "target": 164,
            "weight": 0.9
        },
        {
            "source": 42,
            "target": 81,
            "weight": 0.902
        },
        {
            "source": 59,
            "target": 60,
            "weight": 0.9
        },
        {
            "source": 99,
            "target": 165,
            "weight": 0.658
        },
        {
            "source": 10,
            "target": 165,
            "weight": 0.657
        },
        {
            "source": 10,
            "target": 12,
            "weight": 0.657
        },
        {
            "source": 99,
            "target": 166,
            "weight": 0.657
        },
        {
            "source": 10,
            "target": 166,
            "weight": 0.657
        },
        {
            "source": 86,
            "target": 87,
            "weight": 0.656
        },
        {
            "source": 53,
            "target": 39,
            "weight": 0.9
        },
        {
            "source": 0,
            "target": 6,
            "weight": 0.607
        },
        {
            "source": 100,
            "target": 47,
            "weight": 0.9
        },
        {
            "source": 101,
            "target": 100,
            "weight": 0.923
        },
        {
            "source": 95,
            "target": 100,
            "weight": 0.9
        },
        {
            "source": 102,
            "target": 100,
            "weight": 0.9
        },
        {
            "source": 22,
            "target": 167,
            "weight": 0.518
        },
        {
            "source": 64,
            "target": 167,
            "weight": 0.512
        },
        {
            "source": 23,
            "target": 167,
            "weight": 0.474
        },
        {
            "source": 20,
            "target": 167,
            "weight": 0.52
        },
        {
            "source": 24,
            "target": 167,
            "weight": 0.511
        },
        {
            "source": 26,
            "target": 28,
            "weight": 0.904
        },
        {
            "source": 100,
            "target": 28,
            "weight": 0.683
        },
        {
            "source": 29,
            "target": 28,
            "weight": 0.902
        },
        {
            "source": 37,
            "target": 69,
            "weight": 0.53
        },
        {
            "source": 32,
            "target": 69,
            "weight": 0.534
        },
        {
            "source": 33,
            "target": 69,
            "weight": 0.526
        },
        {
            "source": 103,
            "target": 117,
            "weight": 0.9
        },
        {
            "source": 84,
            "target": 117,
            "weight": 0.902
        },
        {
            "source": 104,
            "target": 97,
            "weight": 0.902
        },
        {
            "source": 49,
            "target": 1,
            "weight": 0.909
        },
        {
            "source": 39,
            "target": 76,
            "weight": 0.902
        },
        {
            "source": 105,
            "target": 76,
            "weight": 0.906
        },
        {
            "source": 77,
            "target": 76,
            "weight": 0.902
        },
        {
            "source": 53,
            "target": 76,
            "weight": 0.9
        },
        {
            "source": 106,
            "target": 16,
            "weight": 0.914
        },
        {
            "source": 17,
            "target": 16,
            "weight": 0.9
        },
        {
            "source": 18,
            "target": 16,
            "weight": 0.9
        },
        {
            "source": 106,
            "target": 17,
            "weight": 0.912
        },
        {
            "source": 18,
            "target": 17,
            "weight": 0.901
        },
        {
            "source": 106,
            "target": 18,
            "weight": 0.914
        },
        {
            "source": 107,
            "target": 18,
            "weight": 0.54
        },
        {
            "source": 84,
            "target": 168,
            "weight": 0.529
        },
        {
            "source": 108,
            "target": 169,
            "weight": 0.541
        },
        {
            "source": 27,
            "target": 63,
            "weight": 0.902
        },
        {
            "source": 109,
            "target": 170,
            "weight": 0.915
        },
        {
            "source": 58,
            "target": 91,
            "weight": 0.668
        },
        {
            "source": 13,
            "target": 111,
            "weight": 0.918
        },
        {
            "source": 110,
            "target": 111,
            "weight": 0.863
        },
        {
            "source": 110,
            "target": 13,
            "weight": 0.985
        },
        {
            "source": 13,
            "target": 171,
            "weight": 0.965
        },
        {
            "source": 111,
            "target": 171,
            "weight": 0.918
        },
        {
            "source": 112,
            "target": 113,
            "weight": 0.401
        },
        {
            "source": 113,
            "target": 114,
            "weight": 0.802
        },
        {
            "source": 24,
            "target": 114,
            "weight": 0.453
        },
        {
            "source": 114,
            "target": 172,
            "weight": 0.534
        },
        {
            "source": 115,
            "target": 173,
            "weight": 0.67
        },
        {
            "source": 39,
            "target": 77,
            "weight": 0.904
        },
        {
            "source": 53,
            "target": 77,
            "weight": 0.9
        },
        {
            "source": 116,
            "target": 174,
            "weight": 0.902
        },
        {
            "source": 39,
            "target": 174,
            "weight": 0.902
        },
        {
            "source": 117,
            "target": 174,
            "weight": 0.902
        },
        {
            "source": 77,
            "target": 174,
            "weight": 0.904
        },
        {
            "source": 118,
            "target": 174,
            "weight": 0.914
        },
        {
            "source": 119,
            "target": 175,
            "weight": 0.52
        },
        {
            "source": 32,
            "target": 123,
            "weight": 0.407
        },
        {
            "source": 53,
            "target": 52,
            "weight": 0.905
        },
        {
            "source": 54,
            "target": 52,
            "weight": 0.903
        },
        {
            "source": 104,
            "target": 127,
            "weight": 0.902
        },
        {
            "source": 55,
            "target": 127,
            "weight": 0.904
        },
        {
            "source": 56,
            "target": 127,
            "weight": 0.9
        },
        {
            "source": 42,
            "target": 122,
            "weight": 0.905
        },
        {
            "source": 74,
            "target": 176,
            "weight": 0.9
        },
        {
            "source": 26,
            "target": 176,
            "weight": 0.903
        },
        {
            "source": 120,
            "target": 176,
            "weight": 0.902
        },
        {
            "source": 39,
            "target": 78,
            "weight": 0.905
        },
        {
            "source": 96,
            "target": 78,
            "weight": 0.674
        },
        {
            "source": 6,
            "target": 78,
            "weight": 0.661
        },
        {
            "source": 76,
            "target": 78,
            "weight": 0.905
        },
        {
            "source": 77,
            "target": 78,
            "weight": 0.903
        },
        {
            "source": 53,
            "target": 78,
            "weight": 0.9
        },
        {
            "source": 39,
            "target": 118,
            "weight": 0.901
        },
        {
            "source": 77,
            "target": 118,
            "weight": 0.902
        },
        {
            "source": 54,
            "target": 53,
            "weight": 0.904
        },
        {
            "source": 5,
            "target": 177,
            "weight": 0.9
        },
        {
            "source": 0,
            "target": 177,
            "weight": 0.902
        },
        {
            "source": 121,
            "target": 177,
            "weight": 0.902
        },
        {
            "source": 122,
            "target": 177,
            "weight": 0.902
        },
        {
            "source": 2,
            "target": 177,
            "weight": 0.9
        },
        {
            "source": 8,
            "target": 9,
            "weight": 0.912
        },
        {
            "source": 74,
            "target": 126,
            "weight": 0.9
        },
        {
            "source": 71,
            "target": 126,
            "weight": 0.9
        },
        {
            "source": 123,
            "target": 126,
            "weight": 0.902
        },
        {
            "source": 3,
            "target": 7,
            "weight": 0.83
        },
        {
            "source": 107,
            "target": 7,
            "weight": 0.54
        },
        {
            "source": 124,
            "target": 7,
            "weight": 0.862
        },
        {
            "source": 18,
            "target": 7,
            "weight": 0.54
        },
        {
            "source": 66,
            "target": 33,
            "weight": 0.521
        },
        {
            "source": 70,
            "target": 33,
            "weight": 0.499
        },
        {
            "source": 101,
            "target": 102,
            "weight": 0.901
        },
        {
            "source": 95,
            "target": 102,
            "weight": 0.907
        },
        {
            "source": 0,
            "target": 2,
            "weight": 0.9
        },
        {
            "source": 125,
            "target": 178,
            "weight": 0.917
        },
        {
            "source": 52,
            "target": 178,
            "weight": 0.903
        },
        {
            "source": 53,
            "target": 178,
            "weight": 0.902
        },
        {
            "source": 54,
            "target": 178,
            "weight": 0.904
        },
        {
            "source": 74,
            "target": 179,
            "weight": 0.9
        },
        {
            "source": 71,
            "target": 179,
            "weight": 0.9
        },
        {
            "source": 126,
            "target": 179,
            "weight": 0.903
        },
        {
            "source": 104,
            "target": 180,
            "weight": 0.902
        },
        {
            "source": 55,
            "target": 180,
            "weight": 0.9
        },
        {
            "source": 56,
            "target": 180,
            "weight": 0.9
        },
        {
            "source": 127,
            "target": 180,
            "weight": 0.9
        },
        {
            "source": 128,
            "target": 181,
            "weight": 0.54
        },
        {
            "source": 129,
            "target": 30,
            "weight": 0.905
        },
        {
            "source": 28,
            "target": 30,
            "weight": 0.9
        },
        {
            "source": 29,
            "target": 30,
            "weight": 0.902
        },
        {
            "source": 130,
            "target": 182,
            "weight": 0.902
        },
        {
            "source": 23,
            "target": 24,
            "weight": 0.509
        },
        {
            "source": 20,
            "target": 24,
            "weight": 0.522
        },
        {
            "source": 39,
            "target": 183,
            "weight": 0.638
        },
        {
            "source": 74,
            "target": 120,
            "weight": 0.902
        }
    ],
    "multigraph": false,
    "nodes": [
        {
            "Description": "actinin alpha 1 ",
            "id": "ENSG00000072110",
            "label": "ACTN1"
        },
        {
            "Description": "protein tyrosine phosphatase, non-receptor type 11 ",
            "id": "ENSG00000179295",
            "label": "PTPN11"
        },
        {
            "Description": "thymosin beta 4 X-linked ",
            "id": "ENSG00000205542",
            "label": "TMSB4X"
        },
        {
            "Description": "catenin alpha 3 ",
            "id": "ENSG00000183230",
            "label": "CTNNA3"
        },
        {
            "Description": "LIM domain binding 3 ",
            "id": "ENSG00000122367",
            "label": "LDB3"
        },
        {
            "Description": "alpha-1-B glycoprotein ",
            "id": "ENSG00000121410",
            "label": "A1BG"
        },
        {
            "Description": "phosphatidylinositol-5-phosphate 4-kinase type 2 alpha ",
            "id": "ENSG00000150867",
            "label": "PIP4K2A"
        },
        {
            "Description": "tight junction protein 1 ",
            "id": "ENSG00000277401",
            "label": "TJP1"
        },
        {
            "Description": "ADAM metallopeptidase with thrombospondin type 1 motif 14 ",
            "id": "ENSG00000138316",
            "label": "ADAMTS14"
        },
        {
            "Description": "thrombospondin 2 ",
            "id": "ENSG00000186340",
            "label": "THBS2"
        },
        {
            "Description": "adenosine monophosphate deaminase 3 ",
            "id": "ENSG00000133805",
            "label": "AMPD3"
        },
        {
            "Description": "nudix hydrolase 16 ",
            "id": "ENSG00000198585",
            "label": "NUDT16"
        },
        {
            "Description": "phosphodiesterase 1C ",
            "id": "ENSG00000154678",
            "label": "PDE1C"
        },
        {
            "Description": "septin 7 ",
            "id": "ENSG00000122545",
            "label": "SEPT7"
        },
        {
            "Description": "thymidylate synthetase ",
            "id": "ENSG00000176890",
            "label": "TYMS"
        },
        {
            "Description": "amyloid beta precursor protein binding family B member 2 ",
            "id": "ENSG00000163697",
            "label": "APBB2"
        },
        {
            "Description": "Rho related BTB domain containing 1 ",
            "id": "ENSG00000072422",
            "label": "RHOBTB1"
        },
        {
            "Description": "ras homolog family member G ",
            "id": "ENSG00000177105",
            "label": "RHOG"
        },
        {
            "Description": "ras homolog family member U ",
            "id": "ENSG00000116574",
            "label": "RHOU"
        },
        {
            "Description": "adenylosuccinate synthase like 1 ",
            "id": "ENSG00000185100",
            "label": "ADSSL1"
        },
        {
            "Description": "proteolipid protein 1 ",
            "id": "ENSG00000123560",
            "label": "PLP1"
        },
        {
            "Description": "dysferlin ",
            "id": "ENSG00000135636",
            "label": "DYSF"
        },
        {
            "Description": "breast carcinoma amplified sequence 1 ",
            "id": "ENSG00000064787",
            "label": "BCAS1"
        },
        {
            "Description": "potassium channel tetramerization domain containing 4 ",
            "id": "ENSG00000180332",
            "label": "KCTD4"
        },
        {
            "Description": "ventral anterior homeobox 1 ",
            "id": "ENSG00000148704",
            "label": "VAX1"
        },
        {
            "Description": "zinc finger protein 488 ",
            "id": "ENSG00000265763",
            "label": "ZNF488"
        },
        {
            "Description": "3-ketodihydrosphingosine reductase ",
            "id": "ENSG00000119537",
            "label": "KDSR"
        },
        {
            "Description": "lysophosphatidic acid receptor 1 ",
            "id": "ENSG00000198121",
            "label": "LPAR1"
        },
        {
            "Description": "phospholipid phosphatase 2 ",
            "id": "ENSG00000141934",
            "label": "PLPP2"
        },
        {
            "Description": "sphingomyelin synthase 2 ",
            "id": "ENSG00000164023",
            "label": "SGMS2"
        },
        {
            "Description": "UDP glycosyltransferase 8 ",
            "id": "ENSG00000174607",
            "label": "UGT8"
        },
        {
            "Description": "carnosine synthase 1 ",
            "id": "ENSG00000172508",
            "label": "CARNS1"
        },
        {
            "Description": "oligodendrocytic myelin paranodal and inner loop protein ",
            "id": "ENSG00000197430",
            "label": "OPALIN"
        },
        {
            "Description": "transmembrane protein 235 ",
            "id": "ENSG00000204278",
            "label": "TMEM235"
        },
        {
            "Description": "collagen type XVI alpha 1 chain ",
            "id": "ENSG00000084636",
            "label": "COL16A1"
        },
        {
            "Description": "collagen type IX alpha 2 chain ",
            "id": "ENSG00000049089",
            "label": "COL9A2"
        },
        {
            "Description": "collagen type IX alpha 3 chain ",
            "id": "ENSG00000092758",
            "label": "COL9A3"
        },
        {
            "Description": "myelin associated glycoprotein ",
            "id": "ENSG00000105695",
            "label": "MAG"
        },
        {
            "Description": "glycosylphosphatidylinositol anchored high density lipoprotein binding protein 1 ",
            "id": "ENSG00000277494",
            "label": "GPIHBP1"
        },
        {
            "Description": "phosphatidylinositol binding clathrin assembly protein ",
            "id": "ENSG00000073921",
            "label": "PICALM"
        },
        {
            "Description": "collagen type IV alpha 5 chain ",
            "id": "ENSG00000188153",
            "label": "COL4A5"
        },
        {
            "Description": "RAB6C, member RAS oncogene family ",
            "id": "ENSG00000222014",
            "label": "RAB6C"
        },
        {
            "Description": "dynein cytoplasmic 1 intermediate chain 2 ",
            "id": "ENSG00000077380",
            "label": "DYNC1I2"
        },
        {
            "Description": "RAS guanyl releasing protein 3 ",
            "id": "ENSG00000152689",
            "label": "RASGRP3"
        },
        {
            "Description": "SH2 domain containing adaptor protein B ",
            "id": "ENSG00000107338",
            "label": "SHB"
        },
        {
            "Description": "carbamoyl-phosphate synthase 1 ",
            "id": "ENSG00000021826",
            "label": "CPS1"
        },
        {
            "Description": "ectonucleotide pyrophosphatase/phosphodiesterase 6 ",
            "id": "ENSG00000164303",
            "label": "ENPP6"
        },
        {
            "Description": "phospholipase A2 group XVI ",
            "id": "ENSG00000176485",
            "label": "PLA2G16"
        },
        {
            "Description": "neuroligin 4 X-linked ",
            "id": "ENSG00000146938",
            "label": "NLGN4X"
        },
        {
            "Description": "fibroblast growth factor 1 ",
            "id": "ENSG00000113578",
            "label": "FGF1"
        },
        {
            "Description": "MET proto-oncogene, receptor tyrosine kinase ",
            "id": "ENSG00000105976",
            "label": "MET"
        },
        {
            "Description": "SHC adaptor protein 4 ",
            "id": "ENSG00000185634",
            "label": "SHC4"
        },
        {
            "Description": "secreted phosphoprotein 1 ",
            "id": "ENSG00000118785",
            "label": "SPP1"
        },
        {
            "Description": "transferrin ",
            "id": "ENSG00000091513",
            "label": "TF"
        },
        {
            "Description": "von Willebrand factor A domain containing 1 ",
            "id": "ENSG00000179403",
            "label": "VWA1"
        },
        {
            "Description": "F-box protein 32 ",
            "id": "ENSG00000156804",
            "label": "FBXO32"
        },
        {
            "Description": "kelch like family member 5 ",
            "id": "ENSG00000109790",
            "label": "KLHL5"
        },
        {
            "Description": "aspartoacylase ",
            "id": "ENSG00000108381",
            "label": "ASPA"
        },
        {
            "Description": "plexin B3 ",
            "id": "ENSG00000198753",
            "label": "PLXNB3"
        },
        {
            "Description": "calcineurin like phosphoesterase domain containing 1 ",
            "id": "ENSG00000103381",
            "label": "CPPED1"
        },
        {
            "Description": "peptidyl arginine deiminase 2 ",
            "id": "ENSG00000117115",
            "label": "PADI2"
        },
        {
            "Description": "claudin domain containing 1 ",
            "id": "ENSG00000080822",
            "label": "CLDND1"
        },
        {
            "Description": "proprotein convertase subtilisin/kexin type 6 ",
            "id": "ENSG00000140479",
            "label": "PCSK6"
        },
        {
            "Description": "sphingosine-1-phosphate receptor 5 ",
            "id": "ENSG00000180739",
            "label": "S1PR5"
        },
        {
            "Description": "cadherin 19 ",
            "id": "ENSG00000071991",
            "label": "CDH19"
        },
        {
            "Description": "ermin ",
            "id": "ENSG00000136541",
            "label": "ERMN"
        },
        {
            "Description": "hedgehog acyltransferase like ",
            "id": "ENSG00000010282",
            "label": "HHATL"
        },
        {
            "Description": "leucine rich repeat LGI family member 3 ",
            "id": "ENSG00000168481",
            "label": "LGI3"
        },
        {
            "Description": "myelin-associated oligodendrocyte basic protein ",
            "id": "ENSG00000168314",
            "label": "MOBP"
        },
        {
            "Description": "proline rich 18 ",
            "id": "ENSG00000176381",
            "label": "PRR18"
        },
        {
            "Description": "transmembrane protein 88B ",
            "id": "ENSG00000205116",
            "label": "TMEM88B"
        },
        {
            "Description": "hemoglobin subunit beta ",
            "id": "ENSG00000244734",
            "label": "HBB"
        },
        {
            "Description": "hemoglobin subunit alpha 1 ",
            "id": "ENSG00000206172",
            "label": "HBA1"
        },
        {
            "Description": "cytochrome b5 reductase 2 ",
            "id": "ENSG00000166394",
            "label": "CYB5R2"
        },
        {
            "Description": "golgin A7 ",
            "id": "ENSG00000147533",
            "label": "GOLGA7"
        },
        {
            "Description": "Sin3A associated protein 30 ",
            "id": "ENSG00000164105",
            "label": "SAP30"
        },
        {
            "Description": "RAB5B, member RAS oncogene family ",
            "id": "ENSG00000111540",
            "label": "RAB5B"
        },
        {
            "Description": "sorting nexin 9 ",
            "id": "ENSG00000130340",
            "label": "SNX9"
        },
        {
            "Description": "synaptojanin 2 ",
            "id": "ENSG00000078269",
            "label": "SYNJ2"
        },
        {
            "Description": "kinesin family member 13B ",
            "id": "ENSG00000197892",
            "label": "KIF13B"
        },
        {
            "Description": "kinesin family member 1C ",
            "id": "ENSG00000129250",
            "label": "KIF1C"
        },
        {
            "Description": "oxysterol binding protein like 1A ",
            "id": "ENSG00000141447",
            "label": "OSBPL1A"
        },
        {
            "Description": "trafficking kinesin protein 2 ",
            "id": "ENSG00000115993",
            "label": "TRAK2"
        },
        {
            "Description": "kinesin family member 5B ",
            "id": "ENSG00000170759",
            "label": "KIF5B"
        },
        {
            "Description": "lysosomal associated membrane protein 2 ",
            "id": "ENSG00000005893",
            "label": "LAMP2"
        },
        {
            "Description": "7-dehydrocholesterol reductase ",
            "id": "ENSG00000172893",
            "label": "DHCR7"
        },
        {
            "Description": "hydroxysteroid 17-beta dehydrogenase 4 ",
            "id": "ENSG00000133835",
            "label": "HSD17B4"
        },
        {
            "Description": "peroxisomal biogenesis factor 5 like ",
            "id": "ENSG00000114757",
            "label": "PEX5L"
        },
        {
            "Description": "agrin ",
            "id": "ENSG00000188157",
            "label": "AGRN"
        },
        {
            "Description": "huntingtin interacting protein 1 ",
            "id": "ENSG00000127946",
            "label": "HIP1"
        },
        {
            "Description": "myelin basic protein ",
            "id": "ENSG00000197971",
            "label": "MBP"
        },
        {
            "Description": "semaphorin 4D ",
            "id": "ENSG00000187764",
            "label": "SEMA4D"
        },
        {
            "Description": "carnosine dipeptidase 1 ",
            "id": "ENSG00000150656",
            "label": "CNDP1"
        },
        {
            "Description": "myelin oligodendrocyte glycoprotein ",
            "id": "ENSG00000232641",
            "label": "MOG"
        },
        {
            "Description": "ZFP57 zinc finger protein ",
            "id": "ENSG00000232099",
            "label": "ZFP57"
        },
        {
            "Description": "transmembrane channel like 6 ",
            "id": "ENSG00000141524",
            "label": "TMC6"
        },
        {
            "Description": "phosphatidylinositol-4-phosphate 3-kinase catalytic subunit type 2 beta ",
            "id": "ENSG00000133056",
            "label": "PIK3C2B"
        },
        {
            "Description": "proteasome activator subunit 4 ",
            "id": "ENSG00000068878",
            "label": "PSME4"
        },
        {
            "Description": "oligodendrocyte transcription factor 1 ",
            "id": "ENSG00000184221",
            "label": "OLIG1"
        },
        {
            "Description": "adenylate kinase 5 ",
            "id": "ENSG00000154027",
            "label": "AK5"
        },
        {
            "Description": "phospholipase D1 ",
            "id": "ENSG00000075651",
            "label": "PLD1"
        },
        {
            "Description": "motile sperm domain containing 2 ",
            "id": "ENSG00000130150",
            "label": "MOSPD2"
        },
        {
            "Description": "transmembrane protein 63A ",
            "id": "ENSG00000196187",
            "label": "TMEM63A"
        },
        {
            "Description": "lysosomal associated membrane protein 1 ",
            "id": "ENSG00000185896",
            "label": "LAMP1"
        },
        {
            "Description": "F-box and leucine rich repeat protein 7 ",
            "id": "ENSG00000183580",
            "label": "FBXL7"
        },
        {
            "Description": "RAB40B, member RAS oncogene family ",
            "id": "ENSG00000141542",
            "label": "RAB40B"
        },
        {
            "Description": "Rho GTPase activating protein 23 ",
            "id": "ENSG00000275832",
            "label": "ARHGAP23"
        },
        {
            "Description": "fascin actin-bundling protein 1 ",
            "id": "ENSG00000075618",
            "label": "FSCN1"
        },
        {
            "Description": "heat shock protein family A (Hsp70) member 2 ",
            "id": "ENSG00000126803",
            "label": "HSPA2"
        },
        {
            "Description": "plexin D1 ",
            "id": "ENSG00000004399",
            "label": "PLXND1"
        },
        {
            "Description": "septin 9 ",
            "id": "ENSG00000282302",
            "label": "SEPT9"
        },
        {
            "Description": "septin 10 ",
            "id": "ENSG00000186522",
            "label": "SEPT10"
        },
        {
            "Description": "N-myc downstream regulated 1 ",
            "id": "ENSG00000104419",
            "label": "NDRG1"
        },
        {
            "Description": "serum/glucocorticoid regulated kinase 1 ",
            "id": "ENSG00000118515",
            "label": "SGK1"
        },
        {
            "Description": "SGK2, serine/threonine kinase 2 ",
            "id": "ENSG00000101049",
            "label": "SGK2"
        },
        {
            "Description": "chloride channel accessory 4 ",
            "id": "ENSG00000016602",
            "label": "CLCA4"
        },
        {
            "Description": "necdin, MAGE family member ",
            "id": "ENSG00000182636",
            "label": "NDN"
        },
        {
            "Description": "presenilin 1 ",
            "id": "ENSG00000080815",
            "label": "PSEN1"
        },
        {
            "Description": "TBC1 domain family member 8B ",
            "id": "ENSG00000133138",
            "label": "TBC1D8B"
        },
        {
            "Description": "oligodendrocyte transcription factor 2 ",
            "id": "ENSG00000205927",
            "label": "OLIG2"
        },
        {
            "Description": "zinc finger DHHC-type containing 9 ",
            "id": "ENSG00000188706",
            "label": "ZDHHC9"
        },
        {
            "Description": "actinin alpha 4 ",
            "id": "ENSG00000130402",
            "label": "ACTN4"
        },
        {
            "Description": "spectrin beta, non-erythrocytic 1 ",
            "id": "ENSG00000115306",
            "label": "SPTBN1"
        },
        {
            "Description": "SPARC (osteonectin), cwcv and kazal like domains proteoglycan 3 ",
            "id": "ENSG00000196104",
            "label": "SPOCK3"
        },
        {
            "Description": "junctional adhesion molecule 3 ",
            "id": "ENSG00000166086",
            "label": "JAM3"
        },
        {
            "Description": "fibrillin 1 ",
            "id": "ENSG00000166147",
            "label": "FBN1"
        },
        {
            "Description": "TIMP metallopeptidase inhibitor 2 ",
            "id": "ENSG00000035862",
            "label": "TIMP2"
        },
        {
            "Description": "splA/ryanodine receptor domain and SOCS box containing 1 ",
            "id": "ENSG00000171621",
            "label": "SPSB1"
        },
        {
            "Description": "bestrophin 1 ",
            "id": "ENSG00000167995",
            "label": "BEST1"
        },
        {
            "Description": "galactose-3-O-sulfotransferase 1 ",
            "id": "ENSG00000128242",
            "label": "GAL3ST1"
        },
        {
            "Description": "contactin 2 ",
            "id": "ENSG00000184144",
            "label": "CNTN2"
        },
        {
            "Description": "ADAM metallopeptidase with thrombospondin type 1 motif 10 ",
            "id": "ENSG00000142303",
            "label": "ADAMTS10"
        },
        {
            "Description": "anillin actin binding protein ",
            "id": "ENSG00000011426",
            "label": "ANLN"
        },
        {
            "Description": "amyloid beta precursor like protein 1 ",
            "id": "ENSG00000105290",
            "label": "APLP1"
        },
        {
            "Description": "Rho guanine nucleotide exchange factor 37 ",
            "id": "ENSG00000183111",
            "label": "ARHGEF37"
        },
        {
            "Description": "arrestin domain containing 2 ",
            "id": "ENSG00000105643",
            "label": "ARRDC2"
        },
        {
            "Description": "calpain 3 ",
            "id": "ENSG00000092529",
            "label": "CAPN3"
        },
        {
            "Description": "CDC42 effector protein 2 ",
            "id": "ENSG00000149798",
            "label": "CDC42EP2"
        },
        {
            "Description": "ceramide synthase 4 ",
            "id": "ENSG00000090661",
            "label": "CERS4"
        },
        {
            "Description": "carboxypeptidase M ",
            "id": "ENSG00000135678",
            "label": "CPM"
        },
        {
            "Description": "cartilage associated protein ",
            "id": "ENSG00000170275",
            "label": "CRTAP"
        },
        {
            "Description": "DENN domain containing 5A ",
            "id": "ENSG00000184014",
            "label": "DENND5A"
        },
        {
            "Description": "DEP domain containing 7 ",
            "id": "ENSG00000121690",
            "label": "DEPDC7"
        },
        {
            "Description": "dynein axonemal heavy chain 17 ",
            "id": "ENSG00000187775",
            "label": "DNAH17"
        },
        {
            "Description": "dedicator of cytokinesis 1 ",
            "id": "ENSG00000150760",
            "label": "DOCK1"
        },
        {
            "Description": "dihydropyrimidine dehydrogenase ",
            "id": "ENSG00000188641",
            "label": "DPYD"
        },
        {
            "Description": "ectonucleotide pyrophosphatase/phosphodiesterase 2 ",
            "id": "ENSG00000136960",
            "label": "ENPP2"
        },
        {
            "Description": "erythrocyte membrane protein band 4.1 like 2 ",
            "id": "ENSG00000079819",
            "label": "EPB41L2"
        },
        {
            "Description": "erb-b2 receptor tyrosine kinase 3 ",
            "id": "ENSG00000065361",
            "label": "ERBB3"
        },
        {
            "Description": "folate hydrolase 1 ",
            "id": "ENSG00000086205",
            "label": "FOLH1"
        },
        {
            "Description": "GM2 ganglioside activator ",
            "id": "ENSG00000196743",
            "label": "GM2A"
        },
        {
            "Description": "G protein-coupled receptor 37 ",
            "id": "ENSG00000170775",
            "label": "GPR37"
        },
        {
            "Description": "G protein-coupled receptor 62 ",
            "id": "ENSG00000180929",
            "label": "GPR62"
        },
        {
            "Description": "hyaluronan and proteoglycan link protein 2 ",
            "id": "ENSG00000132702",
            "label": "HAPLN2"
        },
        {
            "Description": "hemoglobin subunit alpha 2 ",
            "id": "ENSG00000188536",
            "label": "HBA2"
        },
        {
            "Description": "histone deacetylase 11 ",
            "id": "ENSG00000163517",
            "label": "HDAC11"
        },
        {
            "Description": "kinesin family member 6 ",
            "id": "ENSG00000164627",
            "label": "KIF6"
        },
        {
            "Description": "lipase A, lysosomal acid type ",
            "id": "ENSG00000107798",
            "label": "LIPA"
        },
        {
            "Description": "lipase E, hormone sensitive type ",
            "id": "ENSG00000079435",
            "label": "LIPE"
        },
        {
            "Description": "LDL receptor related protein 2 ",
            "id": "ENSG00000081479",
            "label": "LRP2"
        },
        {
            "Description": "myotubularin related protein 2 ",
            "id": "ENSG00000087053",
            "label": "MTMR2"
        },
        {
            "Description": "nudE neurodevelopment protein 1 ",
            "id": "ENSG00000275911",
            "label": "NDE1"
        },
        {
            "Description": "N-deacetylase and N-sulfotransferase 1 ",
            "id": "ENSG00000070614",
            "label": "NDST1"
        },
        {
            "Description": "ornithine decarboxylase antizyme 3 ",
            "id": "ENSG00000143450",
            "label": "OAZ3"
        },
        {
            "Description": "opsin 4 ",
            "id": "ENSG00000122375",
            "label": "OPN4"
        },
        {
            "Description": "phosphodiesterase 11A ",
            "id": "ENSG00000284741",
            "label": "PDE11A"
        },
        {
            "Description": "phosphodiesterase 8A ",
            "id": "ENSG00000073417",
            "label": "PDE8A"
        },
        {
            "Description": "plasmolipin ",
            "id": "ENSG00000102934",
            "label": "PLLP"
        },
        {
            "Description": "ring finger protein 13 ",
            "id": "ENSG00000082996",
            "label": "RNF13"
        },
        {
            "Description": "S100 calcium binding protein A1 ",
            "id": "ENSG00000160678",
            "label": "S100A1"
        },
        {
            "Description": "semaphorin 3C ",
            "id": "ENSG00000075223",
            "label": "SEMA3C"
        },
        {
            "Description": "septin 8 ",
            "id": "ENSG00000164402",
            "label": "SEPT8"
        },
        {
            "Description": "solute carrier family 5 member 11 ",
            "id": "ENSG00000158865",
            "label": "SLC5A11"
        },
        {
            "Description": "solute carrier organic anion transporter family member 1A2 ",
            "id": "ENSG00000084453",
            "label": "SLCO1A2"
        },
        {
            "Description": "sortilin 1 ",
            "id": "ENSG00000134243",
            "label": "SORT1"
        },
        {
            "Description": "SRY-box 8 ",
            "id": "ENSG00000005513",
            "label": "SOX8"
        },
        {
            "Description": "serine palmitoyltransferase long chain base subunit 2 ",
            "id": "ENSG00000100596",
            "label": "SPTLC2"
        },
        {
            "Description": "transforming growth factor beta 3 ",
            "id": "ENSG00000119699",
            "label": "TGFB3"
        },
        {
            "Description": "tenascin C ",
            "id": "ENSG00000041982",
            "label": "TNC"
        },
        {
            "Description": "TNF alpha induced protein 6 ",
            "id": "ENSG00000123610",
            "label": "TNFAIP6"
        },
        {
            "Description": "tripartite motif containing 41 ",
            "id": "ENSG00000146063",
            "label": "TRIM41"
        },
        {
            "Description": "tweety family member 2 ",
            "id": "ENSG00000141540",
            "label": "TTYH2"
        },
        {
            "Description": "USH1 protein network component harmonin ",
            "id": "ENSG00000006611",
            "label": "USH1C"
        },
        {
            "Description": "WNK lysine deficient protein kinase 1 ",
            "id": "ENSG00000060237",
            "label": "WNK1"
        }
    ]
}