{
    "directed": false,
    "graph": [],
    "links": [
        {
            "source": 0,
            "target": 29,
            "weight": 0.94
        },
        {
            "source": 1,
            "target": 3,
            "weight": 0.928
        },
        {
            "source": 1,
            "target": 30,
            "weight": 0.92
        },
        {
            "source": 2,
            "target": 20,
            "weight": 0.912
        },
        {
            "source": 3,
            "target": 30,
            "weight": 0.902
        },
        {
            "source": 0,
            "target": 2,
            "weight": 0.839
        },
        {
            "source": 4,
            "target": 2,
            "weight": 0.747
        },
        {
            "source": 5,
            "target": 29,
            "weight": 0.742
        },
        {
            "source": 5,
            "target": 0,
            "weight": 0.587
        },
        {
            "source": 2,
            "target": 3,
            "weight": 0.586
        },
        {
            "source": 6,
            "target": 28,
            "weight": 0.541
        },
        {
            "source": 7,
            "target": 30,
            "weight": 0.54
        },
        {
            "source": 8,
            "target": 31,
            "weight": 0.489
        },
        {
            "source": 9,
            "target": 30,
            "weight": 0.485
        },
        {
            "source": 4,
            "target": 1,
            "weight": 0.476
        },
        {
            "source": 2,
            "target": 32,
            "weight": 0.458
        },
        {
            "source": 10,
            "target": 3,
            "weight": 0.447
        },
        {
            "source": 11,
            "target": 25,
            "weight": 0.355
        },
        {
            "source": 3,
            "target": 33,
            "weight": 0.355
        },
        {
            "source": 11,
            "target": 31,
            "weight": 0.349
        },
        {
            "source": 12,
            "target": 29,
            "weight": 0.346
        },
        {
            "source": 13,
            "target": 3,
            "weight": 0.332
        },
        {
            "source": 4,
            "target": 3,
            "weight": 0.328
        },
        {
            "source": 14,
            "target": 12,
            "weight": 0.316
        },
        {
            "source": 9,
            "target": 1,
            "weight": 0.311
        },
        {
            "source": 15,
            "target": 24,
            "weight": 0.31
        },
        {
            "source": 16,
            "target": 34,
            "weight": 0.307
        },
        {
            "source": 2,
            "target": 35,
            "weight": 0.304
        },
        {
            "source": 5,
            "target": 12,
            "weight": 0.3
        },
        {
            "source": 9,
            "target": 25,
            "weight": 0.296
        },
        {
            "source": 10,
            "target": 2,
            "weight": 0.294
        },
        {
            "source": 17,
            "target": 26,
            "weight": 0.288
        },
        {
            "source": 3,
            "target": 28,
            "weight": 0.287
        },
        {
            "source": 10,
            "target": 13,
            "weight": 0.279
        },
        {
            "source": 2,
            "target": 25,
            "weight": 0.268
        },
        {
            "source": 14,
            "target": 2,
            "weight": 0.267
        },
        {
            "source": 18,
            "target": 3,
            "weight": 0.267
        },
        {
            "source": 19,
            "target": 18,
            "weight": 0.265
        },
        {
            "source": 9,
            "target": 7,
            "weight": 0.264
        },
        {
            "source": 9,
            "target": 2,
            "weight": 0.262
        },
        {
            "source": 20,
            "target": 25,
            "weight": 0.261
        },
        {
            "source": 21,
            "target": 16,
            "weight": 0.261
        },
        {
            "source": 2,
            "target": 33,
            "weight": 0.252
        },
        {
            "source": 0,
            "target": 20,
            "weight": 0.245
        },
        {
            "source": 8,
            "target": 2,
            "weight": 0.237
        },
        {
            "source": 10,
            "target": 14,
            "weight": 0.236
        },
        {
            "source": 3,
            "target": 36,
            "weight": 0.232
        },
        {
            "source": 1,
            "target": 2,
            "weight": 0.232
        },
        {
            "source": 17,
            "target": 37,
            "weight": 0.231
        },
        {
            "source": 1,
            "target": 14,
            "weight": 0.223
        },
        {
            "source": 22,
            "target": 15,
            "weight": 0.222
        },
        {
            "source": 0,
            "target": 30,
            "weight": 0.217
        },
        {
            "source": 21,
            "target": 28,
            "weight": 0.215
        },
        {
            "source": 8,
            "target": 3,
            "weight": 0.212
        },
        {
            "source": 23,
            "target": 30,
            "weight": 0.21
        },
        {
            "source": 4,
            "target": 0,
            "weight": 0.206
        },
        {
            "source": 3,
            "target": 25,
            "weight": 0.206
        },
        {
            "source": 24,
            "target": 2,
            "weight": 0.203
        },
        {
            "source": 1,
            "target": 36,
            "weight": 0.198
        },
        {
            "source": 8,
            "target": 38,
            "weight": 0.196
        },
        {
            "source": 10,
            "target": 38,
            "weight": 0.194
        },
        {
            "source": 13,
            "target": 20,
            "weight": 0.194
        },
        {
            "source": 25,
            "target": 31,
            "weight": 0.192
        },
        {
            "source": 22,
            "target": 28,
            "weight": 0.19
        },
        {
            "source": 9,
            "target": 4,
            "weight": 0.19
        },
        {
            "source": 2,
            "target": 36,
            "weight": 0.186
        },
        {
            "source": 0,
            "target": 3,
            "weight": 0.184
        },
        {
            "source": 9,
            "target": 39,
            "weight": 0.183
        },
        {
            "source": 17,
            "target": 28,
            "weight": 0.182
        },
        {
            "source": 9,
            "target": 3,
            "weight": 0.182
        },
        {
            "source": 26,
            "target": 28,
            "weight": 0.182
        },
        {
            "source": 20,
            "target": 32,
            "weight": 0.179
        },
        {
            "source": 27,
            "target": 23,
            "weight": 0.179
        },
        {
            "source": 13,
            "target": 2,
            "weight": 0.174
        },
        {
            "source": 0,
            "target": 14,
            "weight": 0.171
        },
        {
            "source": 16,
            "target": 18,
            "weight": 0.17
        },
        {
            "source": 0,
            "target": 35,
            "weight": 0.169
        },
        {
            "source": 28,
            "target": 35,
            "weight": 0.161
        },
        {
            "source": 7,
            "target": 33,
            "weight": 0.159
        },
        {
            "source": 14,
            "target": 31,
            "weight": 0.157
        },
        {
            "source": 7,
            "target": 40,
            "weight": 0.153
        },
        {
            "source": 25,
            "target": 41,
            "weight": 0.151
        },
        {
            "source": 27,
            "target": 28,
            "weight": 0.15
        },
        {
            "source": 5,
            "target": 10,
            "weight": 0.15
        },
        {
            "source": 3,
            "target": 35,
            "weight": 0.15
        }
    ],
    "multigraph": false,
    "nodes": [
        {
            "description": "FYN proto-oncogene, Src family tyrosine kinase ",
            "id": "ENSG00000010810",
            "label": "FYN"
        },
        {
            "description": "SH3 domain containing GRB2 like 2, endophilin A1 ",
            "id": "ENSG00000107295",
            "label": "SH3GL2"
        },
        {
            "description": "microtubule associated protein tau ",
            "id": "ENSG00000277956",
            "label": "MAPT"
        },
        {
            "description": "cyclin G associated kinase ",
            "id": "ENSG00000178950",
            "label": "GAK"
        },
        {
            "description": "dual specificity tyrosine phosphorylation regulated kinase 1A ",
            "id": "ENSG00000157540",
            "label": "DYRK1A"
        },
        {
            "description": "CD19 molecule ",
            "id": "ENSG00000177455",
            "label": "CD19"
        },
        {
            "description": "ASXL transcriptional regulator 3 ",
            "id": "ENSG00000141431",
            "label": "ASXL3"
        },
        {
            "description": "synaptotagmin 17 ",
            "id": "ENSG00000103528",
            "label": "SYT17"
        },
        {
            "description": "GTP cyclohydrolase 1 ",
            "id": "ENSG00000131979",
            "label": "GCH1"
        },
        {
            "description": "regulating synaptic membrane exocytosis 1 ",
            "id": "ENSG00000079841",
            "label": "RIMS1"
        },
        {
            "description": "glycoprotein nmb ",
            "id": "ENSG00000136235",
            "label": "GPNMB"
        },
        {
            "description": "potassium voltage-gated channel modifier subfamily S member 3 ",
            "id": "ENSG00000170745",
            "label": "KCNS3"
        },
        {
            "description": "nucleotide binding oligomerization domain containing 2 ",
            "id": "ENSG00000167207",
            "label": "NOD2"
        },
        {
            "description": "integrin subunit alpha 8 ",
            "id": "ENSG00000077943",
            "label": "ITGA8"
        },
        {
            "description": "cathepsin B ",
            "id": "ENSG00000164733",
            "label": "CTSB"
        },
        {
            "description": "tripartite motif containing 40 ",
            "id": "ENSG00000233931",
            "label": "TRIM40"
        },
        {
            "description": "dynein axonemal heavy chain 17 ",
            "id": "ENSG00000187775",
            "label": "DNAH17"
        },
        {
            "description": "karyopherin subunit alpha 1 ",
            "id": "ENSG00000114030",
            "label": "KPNA1"
        },
        {
            "description": "golgi brefeldin A resistant guanine nucleotide exchange factor 1 ",
            "id": "ENSG00000107862",
            "label": "GBF1"
        },
        {
            "description": "mediator complex subunit 12 like ",
            "id": "ENSG00000144893",
            "label": "MED12L"
        },
        {
            "description": "calcium/calmodulin dependent protein kinase II delta ",
            "id": "ENSG00000145349",
            "label": "CAMK2D"
        },
        {
            "description": "calcium binding protein 39 like ",
            "id": "ENSG00000102547",
            "label": "CAB39L"
        },
        {
            "description": "mex-3 RNA binding family member C ",
            "id": "ENSG00000176624",
            "label": "MEX3C"
        },
        {
            "description": "peptidylglycine alpha-amidating monooxygenase ",
            "id": "ENSG00000145730",
            "label": "PAM"
        },
        {
            "description": "mitogen-activated protein kinase kinase kinase kinase 4 ",
            "id": "ENSG00000071054",
            "label": "MAP4K4"
        },
        {
            "description": "potassium voltage-gated channel interacting protein 3 ",
            "id": "ENSG00000115041",
            "label": "KCNIP3"
        },
        {
            "description": "upstream binding transcription factor ",
            "id": "ENSG00000108312",
            "label": "UBTF"
        },
        {
            "description": "fibrosin like 1 ",
            "id": "ENSG00000112787",
            "label": "FBRSL1"
        },
        {
            "description": "SET domain containing 1A ",
            "id": "ENSG00000099381",
            "label": "SETD1A"
        },
        {
            "description": "Fc fragment of IgG receptor IIa ",
            "id": "ENSG00000143226",
            "label": "FCGR2A"
        },
        {
            "description": "vesicle associated membrane protein 4 ",
            "id": "ENSG00000117533",
            "label": "VAMP4"
        },
        {
            "description": "ribosomal protein S12 ",
            "id": "ENSG00000112306",
            "label": "RPS12"
        },
        {
            "description": "muscleblind like splicing regulator 2 ",
            "id": "ENSG00000139793",
            "label": "MBNL2"
        },
        {
            "description": "transmembrane protein 163 ",
            "id": "ENSG00000152128",
            "label": "TMEM163"
        },
        {
            "description": "ligand dependent nuclear receptor corepressor like ",
            "id": "ENSG00000178177",
            "label": "LCORL"
        },
        {
            "description": "Wnt family member 3 ",
            "id": "ENSG00000277626",
            "label": "WNT3"
        },
        {
            "description": "bridging integrator 3 ",
            "id": "ENSG00000147439",
            "label": "BIN3"
        },
        {
            "description": "BRCA1 interacting protein C-terminal helicase 1 ",
            "id": "ENSG00000136492",
            "label": "BRIP1"
        },
        {
            "description": "cardiolipin synthase 1 ",
            "id": "ENSG00000088766",
            "label": "CRLS1"
        },
        {
            "description": "cholinergic receptor nicotinic beta 1 subunit ",
            "id": "ENSG00000170175",
            "label": "CHRNB1"
        },
        {
            "description": "chloride voltage-gated channel 3 ",
            "id": "ENSG00000109572",
            "label": "CLCN3"
        },
        {
            "description": "family with sequence similarity 171 member A2 ",
            "id": "ENSG00000161682",
            "label": "FAM171A2"
        }
    ]
}